Datetime,Tweet ID,Text,Username,Score
"""2020-10-14 11:55:59+00:00""",1.32E+18,"""I think there 2019s a major power fault affecting a lot of MRT lines in Singapore. one-North station which is the circle line has stopped services. Take note. And follow @SMRT_Singapore for more updates.Either that or angry Singaporean tweets hahaha. inconvenient""","""JoakimGomez""",-0.836
"""2020-10-13 04:59:31+00:00""",1.32E+18,"""I witnessed a similar back-and-forth drama play out at the road crossing between one-north MRT and Blk71 over a period of almost 5 years, and it2019s one of the things that gave me faith in my fellow Singaporeans. The commuters won https://t.co/FbgOAH67Nz""","""visakanv""",-0.7974
"""2020-10-02 04:58:25+00:00""",1.31E+18,"""got subway inside one-north mrt station""","""iqkeriqballas""",-0.7845
"""2019-12-31 15:34:41+00:00""",1.21E+18,"""@kennesu_g the dream of working in one north zone, bc its close to my house and a fairly decent area to work at....versus some weird industrial area that has no mrt.convenient""","""CyanRhapsody""",-0.7804
"""2019-11-12 10:49:25+00:00""",1.19E+18,"""This old man took mrt at one-North had the nerve to push me? Dude. The cabin is full. F U L L FULL. PUSH  SOME MORE. SLAP YOUR FACE""","""RRdzan""",-0.743
"""2019-05-09 11:11:30+00:00""",1.13E+18,"""Been working at one-north for two years now, but I never realised that the mrt platform had...windows? https://t.co/mO4Y2Rh4VG""","""kuayunie""",-0.7351
"""2019-03-29 15:55:04+00:00""",1.11E+18,"""Calm.#flowers @ one-north MRT Station ""","""aprilius20""",-0.6597
"""2019-01-21 04:56:47+00:00""",1.09E+18,"""someone once said that one-north is the only mrt station that is not capitalized and now I2019m like... true... what do I do with this information..............! I can2019t forget it""","""zomega_""",-0.6532
"""2018-09-20 02:47:00+00:00""",1.04E+18,"""I want to be able to climb the stairs at the one-north MRT without wanting to die afterwardsTwitter, keep me accountable""","""shreyups""",-0.6416
"""2018-07-19 09:59:21+00:00""",1.02E+18,"""@chicken_guy Still no pedestrian crossing for JTC LaunchPad @ one-north00a0yet it's the main pedestrian route from MRT. Come on @jtccorp @LTAsg  @SmartNationSG this is low hanging fruit for smart nation #progress bad""","""paulsputer""",-0.6369
"""2018-04-19 01:23:13+00:00""",9.87E+17,"""One-north TOP 10 worst MRT stations bad""","""Sonic_Tardis""",-0.6249
"""2018-03-19 10:53:29+00:00""",9.76E+17,"""This \""area wet\"" situation at one-north MRT looked suspiciously like installation art ""","""visakanv""",-0.5826
"""2018-02-13 04:46:28+00:00""",9.63E+17,"""Cycling to office from one-north mrt station. Convenient ""","""egyikfan""",-0.5534
"""2017-12-13 02:46:15+00:00""",9.41E+17,"""Some MRT stops cn be id-ed by smells tt waft thru whn train door opens. E.g.: One-north smells like a bakery. Orchard is perfumy. #randomcommuteobservations""","""gnafuy""",-0.5473
"""2017-12-01 03:33:25+00:00""",9.36E+17,"""Exiting one-north MRT always feels like a mildly transcendent experience. \""I RISE!\""","""visakanv""",-0.5423
"""2017-12-01 03:27:52+00:00""",9.36E+17,"""Exiting at one-north. There's a Subway here (yeah, a Subway in the subway, har har) and it always smells so goddamn delicious. One-north MRT used to be connected to Fusionopolis, but that's under renovation now so it's not very interesting at the moment""","""visakanv""",-0.5423
"""2017-11-20 05:26:25+00:00""",9.32E+17,"""Fasting, week 5! There's a Subway at one-north MRT and the bread smells soooo good. Contemplated breaking the fast for about 10 seconds but then decided against it. Hunger will pass. The experience of hunger is actually really nuanced and textured""","""visakanv""",-0.5175
"""2017-11-15 01:09:19+00:00""",9.31E+17,"""Train delay on the Circle Line has apparently been cleared but this is the situation at Buona Vista MRT Station. (Left: To Harbourfront) Passenger service staff instructing commuters to take the bus. Overheard there2019s no train to One-North ""","""ElizabethNeoCNA""",-0.5023
"""2017-11-14 08:09:31+00:00""",9.30E+17,"""Why dont we have a pedestriancrossing between One-North MRT and block 71-77 area? Many people are jaywalking everyday !!! @LTAsg""","""LoveChinese91""",-0.4971
"""2017-11-07 04:32:31+00:00""",9.28E+17,"""Little designs that contribute to a good experience sgcoffeebandits @ one-north MRT Station""","""nickang""",-0.4939
"""2017-09-12 11:21:54+00:00""",9.08E+17,"""Post-workout walk walk walk!! @ one-north MRT Station""","""AnthonyOng0309""",-0.4767
"""2012-09-28 06:04:34+00:00""",2.52E+17,"""Waah one-north mrt station so nice. Didnt notice it previously cuz i slept in the train LOL""","""salamboyyy_""",-0.4574
"""2012-09-20 02:39:42+00:00""",2.49E+17,"""At one-north.mrt station, I will always be greeted with a smell of freshly baked bread. Yumm...""","""Mic3helle""",-0.4215
"""2012-05-14 04:16:45+00:00""",2.02E+17,"""escalators at one-north mrt station is under service and they're making us walk a million steps. #imafatass""","""SGLOVES1D""",-0.4199
"""2012-04-23 10:31:31+00:00""",1.94E+17,"""Digipen is at One-North? That's an MRT station? REALLY?""","""GalliaCrusader""",-0.4199
"""2012-04-18 04:28:35+00:00""",1.92E+17,"""Yet another MRT breakdown, Circle Line services affected: Service between Circle Line's One-north and Bishan sta... ""","""abril_thomas1""",-0.4199
"""2012-04-18 01:52:32+00:00""",1.92E+17,"""@SMRT_Singapore stuck at bartley mrt station for 15 mind now ad train is just open. Thought breakdown affected area is only bishan & one-north""","""leesatot05""",-0.4019
"""2012-04-18 01:41:07+00:00""",1.92E+17,"""Thank goodness I didn't take MRT coz there's train breakdownbtwn bishan to one-north... Not surprising.""","""PaulKumara""",-0.3818
"""2012-01-30 12:34:42+00:00""",1.64E+17,"""Interesting explanation of art in MRT. (at one-north MRT Station (CC23)) [pic] 2014 ""","""madmansmuses""",-0.3751
"""2011-10-19 10:45:23+00:00""",1.27E+17,"""Bad #mrt train service. Train dumps all passengers at one-north stn.  Commuters gets door closed on them in the next train. #worldclass""","""5828888""",-0.299
"""2011-10-08 08:47:23+00:00""",1.23E+17,"""Heading home after my workout! So convenient now! Woo hoo!  @ One-North MRT Station (CC23) ""","""AnthonyOng0309""",-0.2942
"""2011-10-08 06:51:03+00:00""",1.23E+17,"""Taking the Circle Line to One-North! Yay!  @ Buona Vista MRT Station (EW21/CC22)""","""AnthonyOng0309""",-0.2732
"""2019-03-02 11:01:38+00:00""",1.10E+18,"""@moovit singapore provide wrong info for my trip last night. asked to take circle line 715pm @SMRT_Singapore labrador to one-north and wait at 18051 for 739pm transtar travel TS6A bus to @ChangiAirport eta 815pm. the bus didnt arrived n had to grab to airport""","""palmoswince""",-0.2263
"""2016-09-18 18:03:44+00:00""",7.78E+17,"""@nicshields honestly most of it is fine, just when you finally get to one-north there's the damn shuttle bus.""","""mmmonkman""",-0.1531
"""2016-05-17 00:32:05+00:00""",7.32E+17,"""Idk why im so happy one-north added a new bus shuttle service. Am i auntified already""","""ztyrsln""",-0.1531
"""2015-07-22 13:24:57+00:00""",6.24E+17,"""Fuck One-North and the whole Biopolis area. PSA: the last bus at Infinite Studios is 8.15pm. Whatthefuck.""","""McAntlers""",-0.0516
"""2012-04-18 01:47:17+00:00""",1.92E+17,"""There is also free shuttle bus services now if you're stuck between One-North and Bishan Circle Line stations, accrdg to SMRT. #Singapore""","""winning1313""",0.2263
"""2012-04-18 01:41:15+00:00""",1.92E+17,"""#circlelinedown images RT @ytbryan: Shuttle bus from bishan station to one-north.""","""mrbrown""",0.2732
"""2012-04-18 01:25:10+00:00""",1.92E+17,"""Wah Lau. No trains to one-north station. This is the ultimate delay. Taking bus now. :|""","""ytbryan""",0.3182
"""2012-04-18 01:24:02+00:00""",1.92E+17,"""I wonder if the trains r working from bueno vista to one-north... Hmmmmm... May have to catch the bus or walk.""","""SharonApple2000""",0.4404
"""2012-04-11 11:31:32+00:00""",1.90E+17,"""@kensim Ahhhh. Cheh. Cos at the time of your tweet, I was on the circle line at one-north! Bus sucks during peak hours man..""","""ashleyritawong""",0.5202
"""2011-12-14 01:05:58+00:00""",1.47E+17,"""@kensim Ahhhh. Cheh. Cos at the time of your tweet, I was on the circle line at one-north! Bus sucks during peak hours man..""","""ashleyritawong""",0.534
"""2011-12-14 01:05:58+00:00""",1.47E+17,"""I rather pay for train fare than taking free shuttle bus from serangoon to one-north like a seriously.""","""emilie_emk""",0.6103
"""2011-11-12 07:41:46+00:00""",1.35E+17,"""So near yet so far. Reached One-north n I'm abt 3 bus stops away. But now stuck at fusion polis cos of heavy rain. Argh!""","""candymoshi""",0.6369
2018-12-31 19:34:09+00:00,1.08E+18,"So in that journey from Promenade to Haw Par Villa, my battery died so i fell asleep in the train. Felt kinda good till the MRT guy woke me up and told me the train ended. it was 3am and IT ENDED 2 STOPS AWAY AT ONE-NORTH AND I THOUGHT I COULD TAKE A CAB BACK FROM THERE",mdhfn,-0.5202
2020-10-14 11:55:59+00:00,1.32E+18,I think there's a major power fault affecting a lot of MRT lines in Singapore. one-North station which is the circle line has stopped services. Take note. And follow @SMRT_Singapore for more updates. Either that or angry Singaporean tweets hahaha. inconvenient,JoakimGomez,-0.5149
2018-04-19 01:23:13+00:00,9.87E+17,One-north TOP 10 worst MRT stations,Sonic_Tardis,-0.5106
2020-02-24 01:27:53+00:00,1.23E+18,"Damn, a private bus got its interior and top half completely burned up, near one-north MRT station",bryandmlee,-0.4215
2019-12-31 15:34:41+00:00,1.21E+18," the dream of working in one-north zone, bc its close to my house and a fairly decent area to work at....versus some weird industrial area that has no mrt",CyanRhapsody,-0.4134
2018-07-19 09:59:21+00:00,1.02E+18,@chicken_guy Still no pedestrian crossing for JTC LaunchPad @ one-north yet it's the main pedestrian route from MRT. Come on @jtccorp @LTAsg  @SmartNationSG this is low hanging fruit for smart nation #progress,paulsputer,-0.3531
2020-09-16 06:20:49+00:00,1.31E+18,"Strategically located in one-north near Buona Vista MRT interchange, Rochester Commons will provide a one-campus opportunity with workspace, habitat, hangout and learning components all integrated in a single location.",greatnewplaces,0.2263
2019-11-12 10:49:25+00:00,1.19E+18,This old man took mrt at one-North had the nerve to push me? Dude. The cabin is full. F U L L FULL. PUSH  SOME MORE. SLAP YOUR FACE,RRdzan,0.3182
2020-02-24 04:18:05+00:00,1.23E+18,Bus catches fire at one-north,ChannelNewsAsia,-0.34
2020-02-24 04:16:34+00:00,1.23E+18,Bus catches fire at one-north,AndyVermaut,-0.34
2020-02-24 01:27:53+00:00,1.23E+18,"Damn, a private bus got its interior and top half completely burned up, near one-north MRT station",bryandmlee,-0.296
2019-03-02 11:01:38+00:00,1.10E+18,moovit singapore provide wrong info for my trip last night. asked to take circle line 715pm SMRT_Singapore labrador to one-north and wait at 18051 for 739pm transtar travel TS6A bus to Changi Airport eta 815pm. the bus didnt arrived n had to grab to airport,palmoswince,-0.2263
2018-04-30 00:00:00+00:00,9.91E+17,First-of-a-kind drone showcase at first Car-Free Sunday at one-north,TODAYonline,0.6486
2018-04-29 11:00:26+00:00,9.91E+17,First-of-a-kind drone showcase at first Car-Free Sunday at one-north,SGTweetings,0.6486
2018-04-29 02:17:57+00:00,9.90E+17,CarFree Sunday at One-North. @ one-north MRT Station,MightyVeloSG,0.6486
2018-04-27 13:00:05+00:00,9.90E+17,"Here comes the weekend! This Sunday, fly drones through an obstacle course or have your photos taken from a drone at Car Free Sunday (One-North)!",JustFlyIt,0.6486
2018-04-27 08:42:28+00:00,9.90E+17,"#WeekendPicks: The inaugural 'Keep Clean, Singapore! Walk' at Car-Free Sunday SG will be taking place on Sunday, 29 April at one-north! Co-organised by JTC & URA, this will be the first Car-Free Sunday outside...",MSEsingapore,0.6486
2018-04-27 05:30:28+00:00,9.90E+17,The weekend is here! We have a drone-filled #CarFreeSundaySG planned for you. Drone enthusiasts can fly your drones at a designated safe flying zone @ one-north this Sunday. Drone-flying instructors will also be available for tips on drone flying.y,SingaporeCAAS,0.6486
2018-04-27 03:56:31+00:00,9.90E+17,Don't miss out on the drone showcase @ one-north this Sunday! Register now and take part in fun activities like Drone Workshops and the indoor Drone Challenge onsite. Limited spaces are available so head over to the Matrix early.,SingaporeCAAS,0.6486
2018-04-26 02:48:25+00:00,9.89E+17,"In conjunction with #CarFreeSundaySG @ one-north on 29 April 2018, CAAS is organising Singapore's first drone showcase. We have a fun-filled programme planned, from drone challenges, drone aerial demonstrations to static displays.",SingaporeCAAS,0.6486
2018-04-24 11:57:14+00:00,9.89E+17,"No cars, but drones to take to the sky at Car-Free SG on April 29 #drone #DRONES SINGAPORE - While the roads will be free of cars at one-north for the Car-Free Sunday SG event on April 29, the skies will be abuzz with drones. In a first, the Civil Aviati2026",LiveEdges,0.6486
2018-04-19 01:23:13+00:00,9.87E+17,One-north TOP 10 worst MRT stations,Sonic_Tardis,0.6486
2018-04-03 15:24:42+00:00,9.81E+17,One-North architecture and art are so fine,AF_Xpress,0.6486
2018-03-29 11:28:49+00:00,9.79E+17,New Robotics Centre launched at  JTC LaunchPad at one-north to support #robotics & automation #startups in #Singapore #Innovation #SmartNation #SmartCity #Industry40 #4IR #SmartCities #GovTech #Automation #SmartFactory,Lochoffs,0.6486
2018-03-29 03:11:23+00:00,9.79E+17,I'm at Nexus@one-north in Singapore ,_jlyj,0.6486
2018-03-28 18:48:22+00:00,9.79E+17,new  #robotics  #centre  #launched at one-north to  #support  #robotics & #automation  #startups in  #singapore ,SidMehta91,0.6486
2018-03-28 13:39:03+00:00,9.79E+17,"Something to ponder upon. Please read. Danjuma: Ugliness Is The Beauty Of Northern Nigeria By Lasisi Olagunju March 26,  2018 The oppressive one-North is on its death-bed. General Yakubu Danjuma sang...",atbako,0.6486
2018-03-28 09:39:32+00:00,9.79E+17,New #Robotics Centre launched at  JTC LaunchPad @ one-north to support robotics; #automation startups in #Singapore #smartnation,OpenGov_Asia,0.6486
2018-03-27 12:24:07+00:00,9.79E+17,SINGAPORE - Car-Free Sunday SG will move out of the Civic District for the first time with a special edition of the popular event to be held in one-north next month....,SgHeritage_Soc,0.6486
2018-03-26 18:40:53+00:00,9.78E+17,Car-Free Sunday goes to one-north for the first time,bellaella7,0.6486
2018-03-26 07:47:13+00:00,9.78E+17,Car-Free Sunday goes to one-north,thenewpaper,0.6486
2018-03-25 21:30:34+00:00,9.78E+17,Car-Free Sunday to go to one-north,singaporeinform,0.6486
2018-03-25 12:38:06+00:00,9.78E+17,Car-Free Sunday goes to one-north for the first time,bellaella7,0.6486
2018-03-25 06:55:07+00:00,9.78E+17,Car-Free Sunday will move out of the Civic District for the first time next month to one-north: URAsg jtccorp,Power98News,0.6486
2018-03-25 03:28:06+00:00,9.78E+17,Car-Free Sunday goes to one-north for the first time,singaporeinform,0.6486
2018-02-15 05:05:43+00:00,9.64E+17,"one-north, S'pore's first drone estate, will provide a space for test-bedding of innovative drone solutions:",SmartNationSG,0.6486
2018-02-14 14:09:58+00:00,9.64E+17,One-north unveiled as first drone estate: Other innovative projects that have t... #autonomousCar #selfDrivingCar,SelfDrivingFEED,0.6486
2018-02-14 10:33:47+00:00,9.64E+17,The one-north area near Buona Vista in Singapore to host trials involving the use of unmanned aircraft systems(UAS) for parcel deliveries. #Export #import #AirFreight #DomesticFreight #OceanFreight #Goods #NVOCC #IATA #USA #CargoInsurance #CustomsClearance #Shipment,GglSingapore,0.6486
2018-02-13 04:46:28+00:00,9.63E+17,Cycling to office from one-north mrt station.,egyikfan,0.6486
2018-02-12 01:30:06+00:00,9.63E+17,"Singapore Government designates One-North district as the country's first drone estate, in which tests can be carried out, and inks several partnerships to tap technologies such as #AI to enhance air traffic management.",reworkshems,0.6486
2018-02-11 06:38:00+00:00,9.63E+17,"Parcel delivery from a ""flying"" postman? That could be the case for the people in One-north, which was recently announced as the first designated #drone estate in Singapore:",exxonmobil_sg,0.6486
2018-02-10 13:18:14+00:00,9.62E+17,Drone trials to take place at one-north,slnged,0.6486
2018-02-09 09:25:04+00:00,9.62E+17,Drone trials to take place at one-north - Channel NewsAsia,UAV_news,0.6486
2018-02-09 06:42:13+00:00,9.62E+17,"Five Projects Named for Singapore's Drone Estate: Plans to designate one-north, a 200HA ",UAS_VISION,0.6486
2018-02-09 05:26:53+00:00,9.62E+17,Drone trials to take place at one-north ,UAV_news,0.6486
2018-02-09 02:34:37+00:00,9.62E+17,Drone trials to take place at one-north,UAV_news,0.6486
2018-02-09 01:49:57+00:00,9.62E+17,"Five technology trials to kick off at one-north, Singapore's first drone estate ",UAV_news,0.6486
2018-02-08 23:30:00+00:00,9.62E+17,What do you think about Singapore's One-north becoming a drone-estate?,TechWireAsia,0.6486
2018-02-08 13:59:31+00:00,9.62E+17,One-north designated as Singapore's first #drone estate connected2india #UAS,UAS_Insights,0.6486
2018-02-08 08:13:24+00:00,9.62E+17,"Five technology trials to kick off at one-north, Singapore's first drone estate businesstimes",ISSNUS,0.6486
2018-02-08 07:04:14+00:00,9.61E+17,One-north designated as Singapore's first drone estate connected2india,JaefooBooks,0.6486
2018-02-08 02:10:16+00:00,9.61E+17,One-north designated as Singapore's first drone estate,IndianDrones,0.6486
2018-02-07 14:09:10+00:00,9.61E+17,"Five technology trials to kick off at one-north, Singapore's first drone estate, Transport ",DroneNewsFeed,0.6486
2018-02-07 10:00:38+00:00,9.61E+17,"#TECH #INNOVATION Singapore designates area for drone tests, explores new tech for air traffic management - Government designates One-North district as the country's first drone estate, in which tests can be carried out, and inks several partnerships ...",dougbrownDBA,0.6486
2018-02-07 10:00:00+00:00,9.61E+17,Drone trials to take place at one-north,DawnTanCNA,0.6486
2018-02-07 09:56:00+00:00,9.61E+17,Drone trials to take place at one-north,alriyadhdaily,0.6486
2018-02-07 09:45:55+00:00,9.61E+17,"News Update: Singapore designates area for drone tests, explores new tech for air traffic management - Government designates One-North district as the country's first drone estate, in which tests can be carried out, and inks several partnerships to ta... ",ManishMalladi,0.6486
2018-02-07 09:15:41+00:00,9.61E+17,"via #ZDnet: Singapore designates area for drone tests, explores new tech for air traffic management - Government designates One-North district as the country's first drone estate, in which tests can be carried out, and inks several partnerships to tap... ",semantia,0.6486
2018-02-07 08:45:32+00:00,9.61E+17,"Singapore designates area for drone tests, explores new tech for air traffic management - Government designates One-North district as the country's first drone estate, in which tests can be carried out, and inks several partnerships to tap technologie...",etrixIT,0.6486
2018-02-07 08:01:17+00:00,9.61E+17,"Five technology trials to kick off at one-north, Singapore's first drone estate #DRONES",LiveEdges,0.6486
2018-02-07 07:00:01+00:00,9.61E+17,"Singapore's first drone estate to see tests for aerial drone parcel delivery. The next time you're in the one-north area, don't be shocked to see drones whizzing past above you. ",,0.6486
2018-02-07 05:41:01+00:00,9.61E+17,Drone trials to take place at one-north ,GlobalProdRview,0.6486
2018-02-07 05:35:38+00:00,9.61E+17,"Five technology trials to kick off at one-north, Singapore's first drone estate ",GlobalProdRview,0.6486
2018-02-07 04:57:07+00:00,9.61E+17,"Five technology trials to kick off at one-north, Singapore's first drone estate | DroneGames - #drones",dronegamescom,0.6486
2018-02-07 04:56:53+00:00,9.61E+17,"Five technology trials to kick off at one-north, Singapore's first drone estate ",droneblog,0.6486
2018-02-07 04:54:12+00:00,9.61E+17,"Five technology trials to kick off at one-north, Singapore's first drone estate ",drone_sport,0.6486
2018-02-07 04:53:07+00:00,9.61E+17,"Five technology trials to kick off at one-north, Singapore's first drone estate ",drone_reviews,0.6486
2018-02-07 04:50:36+00:00,9.61E+17,"Five technology trials to kick off at one-north, Singapore's first drone estate ",drone_school,0.6486
2018-02-07 04:49:21+00:00,9.61E+17,"Five technology trials to kick off at one-north, Singapore's first drone estate",dronepilots,0.6588
2018-02-07 04:09:09+00:00,9.61E+17,followme - Drone trials to take place at one-north: The 200-hectare business park has been designated as the first drone estate in Singapore.  #Technology,homesmiamibeach,0.6597
2018-02-07 03:53:10+00:00,9.61E+17,Drone trials to take place at one-north,DroneNewsFeed,0.6597
2018-02-07 03:41:17+00:00,9.61E+17,Drone trials to take place at one-north  ,DroneUAVUAS,0.6688
2018-02-07 03:39:04+00:00,9.61E+17,Drone trials to take place at one-north,dronepilots,0.6705
2018-02-07 03:37:06+00:00,9.61E+17,Drone trials to take place at one-north,dronegamescom,0.6705
2018-02-07 03:36:09+00:00,9.61E+17,Drone trials to take place at one-north ,droneblog,0.6705
2018-02-07 03:35:11+00:00,9.61E+17,Drone trials to take place at one-north,drone_school,0.6705
2018-02-07 03:34:22+00:00,9.61E+17,Drone trials to take place at one-north,drone_sport,0.6712
2018-02-07 03:33:25+00:00,9.61E+17,Drone trials to take place at one-north,drone_reviews,0.6769
2018-02-07 03:33:08+00:00,9.61E+17,Drone trials to take place at one-north,super64,0.6769
2018-02-07 03:17:21+00:00,9.61E+17,"Five technology trials to kick off at one-north, #Singapore's first drone estate",BusinessTimes,0.68
2018-02-07 03:02:09+00:00,9.61E+17,Drone trials to take place at one-north,ChannelNewsAsia,0.6808
2018-02-07 02:50:07+00:00,9.61E+17,Drone trials to take place at one-north,sgpressrelease,0.69
2018-02-07 02:48:23+00:00,9.61E+17,#Drone trials to take place at one-north - Singapore's first drone estate ,ChannelNewsAsia,0.6908
2018-02-07 00:56:13+00:00,9.61E+17,One-north to be designated as Singapore's first drone estate ,captsingh,0.6982
2018-02-07 00:37:27+00:00,9.61E+17,Ministry of Transport designates one-north as SG's first drone estate #drones #UAV,DroneUAVUAS,0.6996
2018-02-06 22:10:04+00:00,9.61E+17,Ministry of Transport designates one-north as SG's first drone estate ,super64,0.6996
2018-02-06 18:17:18+00:00,9.61E+17,"One-north to be designated as Singapore's first drone estate, Transport",Ruby_Camera,0.7003
2018-02-06 15:03:10+00:00,9.61E+17,One-north to be designated as Singapore's first drone estate ,TheDroneTrainer,0.7003
2018-02-06 14:23:10+00:00,9.61E+17,One-north to be designated as Singapore's first drone estate,DroneNewsFeed,0.7088
2018-02-06 13:21:44+00:00,9.61E+17,One-north to be designated as Singapore's first drone estate ,thenewpaper,0.7096
2018-02-06 08:04:02+00:00,9.61E+17,One-north to be designated as Singapore's first drone estate ,thenewpaper,0.7096
2018-02-06 05:48:26+00:00,9.61E+17,One-north to be designated as Singapore's first drone estate,TalentreqP,0.7096
2018-02-06 02:45:23+00:00,9.61E+17,One-north to be designated as Singapore's first drone estate,CubeSingapore,0.7096
2018-02-06 01:04:13+00:00,9.61E+17,One-north to be designated as Singapore's first drone estate ,SingaporeApp,0.7096
2018-02-06 01:00:02+00:00,9.61E+17,One-north to be designated as Singapore's first drone estate ,straits_times,0.7128
2018-02-06 00:48:38+00:00,9.61E+17,One-north to be designated as Singapore's first drone estate,singaporeinform,0.7177
2018-02-06 00:12:59+00:00,9.61E+17,one-north to be #Singapore's first drone estate ,BusinessTimes,0.7184
2018-02-05 22:50:22+00:00,9.61E+17,One-north to be designated as S'pore's first drone estate ,drone_school,0.7184
2018-02-05 22:48:07+00:00,9.61E+17,One-north to be designated as S'pore's first drone estate,drone_reviews,0.7263
2018-02-05 22:47:08+00:00,9.61E+17,One-north to be designated as S'pore's first drone estate,dronegamescom,0.7269
2018-02-05 22:46:06+00:00,9.61E+17,One-north to be designated as S'pore's first drone estate ,droneblog,0.7339
2018-02-05 22:44:13+00:00,9.61E+17,One-north to be designated as S'pore's first drone estate,drone_sport,0.7339
2018-02-05 22:44:05+00:00,9.61E+17,One-north to be designated as S'pore's first drone estate,dronepilots,0.743
2018-02-05 21:47:09+00:00,9.61E+17,One-north to be designated as Singapore's first drone estate,sandeepc331,0.743
2018-02-05 17:01:10+00:00,9.61E+17,one-north to be designated as Singapore's first drone estate ,DroneNewsFeed,0.7456
2018-02-05 14:36:10+00:00,9.61E+17,One-North Will Be Named Singapore's First Drone Estate ,DroneNewsFeed,0.7506
2018-02-05 14:16:10+00:00,9.61E+17,Ministry of Transport designates one-north as SG's first drone estate  | Singapore Business Review #drone #uav,DroneNewsFeed,0.7568
2018-02-05 14:07:10+00:00,9.61E+17,One-North to be designated as Singapore's first drone estate,DroneNewsFeed,0.7574
2018-02-05 13:30:04+00:00,9.61E+17,"One-north, which has been designated #Singapore's first #drone estate, will help the growth of high-tech companies with #UAV capabilities and spur commercial partnerships.",Coptrz,0.765
2018-02-05 13:23:29+00:00,9.61E+17,One-north to be designated as Singapore's first drone estate.,HomeSearchSg,0.7772
2018-02-05 13:14:10+00:00,9.61E+17,One-north to be designated as Singapore's first drone estate ,AliHeyamali,0.7777
2018-02-05 12:32:03+00:00,9.60E+17,One-north to be designated as Singapore's first drone estate,Asean_Economist,0.7783
2018-02-05 10:40:34+00:00,9.60E+17,One-north unveiled as first drone estate: Other innovative projects that have taken flight in the research hub,UAVDronePolicy,0.7783
2018-02-05 10:40:31+00:00,9.60E+17,One-north to be designated as Singapore's first drone estate,UAVDronePolicy,0.784
2018-02-05 10:40:20+00:00,9.60E+17,One-North Set To Be S'pore's First Drone Estate - A Space To Testbed Unmanned Aircraft Systems,UAVDronePolicy,0.7845
2018-02-05 10:25:00+00:00,9.60E+17,One-north to be designated as Singapore's first drone estate,masterqmann,0.7901
2018-02-05 10:01:09+00:00,9.60E+17,One-north unveiled as first drone estate: Other innovative projects that have taken flight,LiveEdges,0.7928
2018-02-05 09:55:57+00:00,9.60E+17,One-north to be designated as Singapore's first drone estate,TimKobe,0.7955
2018-02-05 09:34:04+00:00,9.60E+17,Ministry of Transport designates one-north as SG's first drone estate ,chancecaster,0.7964
2018-02-05 09:27:49+00:00,9.60E+17,One-north unveiled as first drone estate: Other innovative projects that have taken flight in the research hub,singaporeinform,0.8016
2018-02-05 09:20:07+00:00,9.60E+17,One-north unveiled as first drone estate: Other innovative projects that have taken flight in the research hub,straits_times,0.802
2018-02-05 08:42:49+00:00,9.60E+17,One-north to be designated as Singapore's first drone estate,OlofssonCompany,0.8023
2018-02-05 08:00:04+00:00,9.60E+17,Singapore moving forward with drones: The aim of the drone estate in one-north is to provide companies and...,JustFlyIt,0.8057
2018-02-05 06:36:22+00:00,9.60E+17,One-north to be designated as Singapore's first drone estate ,Marcus_homengt,0.8064
2018-02-05 06:20:02+00:00,9.60E+17,One-north to be designated as Singapore's first drone estate,DroneDeliver,0.807
2018-02-05 06:01:22+00:00,9.60E+17,One-North to be designated as Singapore's first drone estate,LiveEdges,0.8109
2018-02-05 05:55:12+00:00,9.60E+17,One-north to be designated as Singapore's first drone estate ,C_LESPAYANDEL,0.8126
2018-02-05 05:35:39+00:00,9.60E+17,One-north to be designated as Singapore's first drone estate,GlobalProdRview,0.8172
2018-02-05 05:27:24+00:00,9.60E+17,One-North to be designated as Singapore's first drone estate,drone_school,0.8176
2018-02-05 05:27:15+00:00,9.60E+17,One-North to be designated as Singapore's first drone estate,dronepilots,0.8176
2018-02-05 05:26:08+00:00,9.60E+17,One-North to be designated as Singapore's first drone estate,drone_reviews,0.8313
2018-02-05 05:19:43+00:00,9.60E+17,One-north will be designated as Singapore's first drone hub,Power98News,0.8313
2018-02-05 05:17:07+00:00,9.60E+17,One-North to be designated as Singapore's first drone estate ,dronegamescom,0.8356
2018-02-05 05:14:16+00:00,9.60E+17,One-North to be designated as Singapore's first drone estate,drone_sport,0.836
2018-02-05 05:13:10+00:00,9.60E+17,One-North to be designated as Singapore's first drone estate,droneblog,0.836
2018-02-05 05:07:04+00:00,9.60E+17,"One-North to be designated as #Singapore's first #drone estate, providing companies and research institutions with an urban environment for test-bedding innovative",OpenGov_Asia,0.8392
2018-02-05 04:32:33+00:00,9.60E+17,One-north to be designated as Singapore's first drone estate ,chicken_guy,0.8395
2018-02-05 04:05:05+00:00,9.60E+17,One-north to be designated as Singapore's first drone estate,SingaporeToBali,0.8398
2018-02-05 03:59:05+00:00,9.60E+17,One-north to be designated as Singapore's first drone estate,helengreiner,0.8433
2018-02-05 03:33:27+00:00,9.60E+17,One-north to be designated as Singapore's first drone estate ,droneblog,0.8481
2018-02-05 03:32:09+00:00,9.60E+17,One-north to be designated as Singapore's first drone estate,dronegamescom,0.8547
2018-02-05 03:31:21+00:00,9.60E+17,One-north to be designated as Singapore's first drone estate,drone_reviews,0.8555
2018-02-05 03:29:09+00:00,9.60E+17,One-north to be designated as Singapore's first drone estate,drone_sport,0.8572
2018-02-05 03:27:12+00:00,9.60E+17,One-north to be designated as Singapore's first drone estate,dronepilots,0.8588
2018-02-05 03:27:10+00:00,9.60E+17,One-north to be designated as Singapore's first drone estate,drone_school,0.8622
2018-02-05 02:15:54+00:00,9.60E+17,One-north to be designated as Singapore's first drone estate,luv_drones,0.8625
2018-02-05 02:01:10+00:00,9.60E+17,One-north to be designated as Singapore's first drone estate,LiveEdges,0.8629
